Step,Regret
1,[0.06924079]
2,[0.06924079]
3,[0.06924079]
4,[0.06910605]
5,[0.06910605]
6,[0.06910605]
7,[0.06910605]
8,[0.06910605]
